{
  "artifact": {
    "artifactSymbol": {
      "id": "ce0beafb-6b43-4ce0-bcb0-15110a946c43",
      "type": "TEMPLATE_DEFINITION",
      "visual": "[&tau;<sub>F'</sub>{<i>d,t,e,g,off,</i>SC}+&ph;CO2+&ph;EA+&ph;CNN+&ph;PAC]",
      "tooling": "[tF’{d,t,e,g,off,SC}+phCO2+phEA+phCNN+phPAC]",
      "version": "1.0",
      "templateValidated": false
    },
    "name": "Carbon-Dioxide-Removal-Credit",
    "aliases": [
      "CDR",
      "Carbon Offset",
      "Carbon Credit"
    ],
    "artifactDefinition": {
      "businessDescription": "This is a Unique Fractional Fungible that is issued in quantities of a whole 1 at a time where the CO2e value is set in the CO2 property. It's CO2e in metric tonnes is initially set in an issued amount and supports adjustments for a specified period of time. A whole token is fractional into percentages that represent a portion of the equivalent amount of CO2 in either the issued or latest adjusted amount. The issuer is usually the verifier of carbon/GHG claims and is the only party able to set the amount and make adjustments. Adjustments can be made by the issuer until the adjustment until date is reached. This token is also offsetable, which means its CO2e amount can be offset against the party's emissions, an operation that can only be done once. An instance that is offset cannot be transferred but can still be adjusted by the issuer. A token also cannot be retired or burned until it has both been offset and the adjustment period has expired. Any adjustments made to an offset should cascade into the carbon accounting and reporting for the offsetting party. Offsetting is delegable allowing for another party to offset on the owner's behalf, but the offset only applies to the owners reported emissions.  This token also supports Ecological, Carbon Net Negativity and Paris Agreement Compliance property sets.  It is fractional by 2 decimal places and instances can be minted if the requesting party is in the Issuer role.",
      "businessExample": "A CDR credit is the value from a verified claim of removal or sequestration of GHG/Carbon by a certified ecological project. Typically, removal is accomplished by sequestering carbon in soil, forestry, etc. or using Direct Air Capture (DAC) technology. CDRs support adjustments that can affect their durability. For example, if a CDR is issued for a forestry project and a forest fire has destroyed a percentage of the project's forest in their claim, the verifier should issue an adjustment for the CDR that cascades into the carbon accounting and reporting of the party.",
      "analogies": [
        {
          "name": "Carbon Removal Token",
          "description": "A token created by a verifier that has verified a carbon removal claim."
        }
      ],
      "comments": ""
    },
    "dependencies": [],
    "incompatibleWithSymbols": [],
    "influencedBySymbols": [],
    "controlUri": "",
    "artifactFiles": [
      {
        "content": "CONTROL",
        "fileName": "Carbon-Dioxide-Removal-Credit.proto",
        "fileData": ""
      },
      {
        "content": "UML",
        "fileName": "Carbon-Dioxide-Removal-Credit.md",
        "fileData": ""
      }
    ],
    "maps": {
      "codeReferences": [],
      "implementationReferences": [],
      "resources": []
    },
    "contributors": [     
      {
        "name": "Debbie Reed",
        "organization": "ESMC"
      },
      {
        "name": "Cameron Prell",
        "organization": "XPansiv"
      },
      {
        "name": "Marley Gray",
        "organization": "Microsoft"
      },
      {
        "name": "Doug Miller",
        "organization": "Energy Web Foundation"
      },
      {
        "name": "Michelle Lancaster",
        "organization": "Microsoft"
      },
      {
        "name": "John Lee",
        "organization": "Accenture"
      },
      {
        "name": "Robert Greenfield",
        "organization": "Emerging Impact Group"
      },
      {
        "name": "Conor Svensson",
        "organization": "Web3 Labs"
      },
      {
        "name": "Martin Wainstein",
        "organization": "Open Earth Foundation"
      },
      {
        "name": "Meerim Ruslanova",
        "organization": "Energy Web Foundation"
      }
    ]
  },
  "formulaReference": {
    "id": "757e1329-a9b5-4169-9929-fde8a7fc2a22",
    "type": "TEMPLATE_FORMULA",
    "referenceNotes": "Carbon-Dioxide-Removal-Credit"
  },
  "tokenBase": {
    "reference": {
      "id": "3e05130c-969a-4dfc-abe6-c83fad98a4ec",
      "type": "BASE",
      "referenceNotes": "",
      "values": {
        "controlUri": "",
        "artifactFiles": [],
        "maps": {
          "codeReferences": [],
          "implementationReferences": [],
          "resources": []
        }
      }
    },
    "valueType": "REFERENCE",
    "supply": "INFINITE",
    "name": "",
    "symbol": "",
    "owner": "",
    "quantity": "0",
    "decimals": 2,
    "tokenProperties": {
      "issuer": "Should be the Verifier"
    },
    "constructorName": "Constructor"
  },
  "behaviors": [
    {
      "reference": {
        "id": "6e3501dc-5800-4c71-b59e-ad11418a998c",
        "type": "BEHAVIOR",
        "referenceNotes": "Divisible",
        "values": {
          "controlUri": "",
          "artifactFiles": [],
          "maps": {
            "codeReferences": [],
            "implementationReferences": [],
            "resources": []
          }
        }
      },
      "isExternal": true,
      "constructorType": "",
      "appliesTo": [],
      "invocations": [],
      "influenceBindings": [],
      "properties": [
        {
          "name": "Decimals",
          "valueDescription": "Set to a number greater than Zero, allowing subdivision",
          "templateValue": "2",
          "propertyInvocations": [
            {
              "id": "01f7ef04-1215-45f1-b118-12b4a76db9ad",
              "name": "GetDecimals",
              "description": "Return the value",
              "request": {
                "controlMessageName": "GetDecimalsRequest",
                "description": "",
                "inputParameters": []
              },
              "response": {
                "controlMessageName": "GetDecimalsResponse",
                "description": "Return number of decimal places",
                "outputParameters": [
                  {
                    "name": "Decimals",
                    "valueDescription": "integer"
                  }
                ]
              }
            }
          ],
          "properties": [],
          "repeated": false
        }
      ]
    },
    {
      "reference": {
        "id": "af119e58-6d84-4ca6-9656-75e8d312f038",
        "type": "BEHAVIOR",
        "referenceNotes": "Transferable",
        "values": {
          "controlUri": "",
          "artifactFiles": [],
          "maps": {
            "codeReferences": [],
            "implementationReferences": [],
            "resources": []
          }
        }
      },
      "isExternal": true,
      "constructorType": "",
      "appliesTo": [],
      "invocations": [
        {
          "id": "5d4b8f10-7857-4a2f-9b8c-d61e367a6bcc",
          "name": "Transfer",
          "description": ">A transfer request will invoke a transfer from the owner of the token to the party or account provided in the To field of the request. For fungible or dividable non-fungible tokens, this request may also include value in the Amount field of the request to transfer more than one token of the class in a single request.",
          "request": {
            "controlMessageName": "TransferRequest",
            "description": "The request",
            "inputParameters": [
              {
                "name": "To",
                "valueDescription": "AccountId to transfer ownership to."
              },
              {
                "name": "Quantity",
                "valueDescription": "Number of tokens to transfer."
              }
            ]
          },
          "response": {
            "controlMessageName": "TransferResponse",
            "description": "The response",
            "outputParameters": [
              {
                "name": "Confirmation",
                "valueDescription": "A confirmation receipt or error may be returned to the owner based on the outcome of the transfer request."
              }
            ]
          }
        },
        {
          "id": "516b4e2f-4a14-4c4f-a6f2-1419d4af35c6",
          "name": "TransferFrom",
          "description": ">A transfer request will invoke a transfer from the owner of the token to the party or account provided in the To field of the request. For fungible or dividable non-fungible tokens, this request may also include value in the Amount field of the request to transfer more than one token of the class in a single request.",
          "request": {
            "controlMessageName": "TransferFromRequest",
            "description": "The request",
            "inputParameters": [
              {
                "name": "From",
                "valueDescription": "AccountId to transfer ownership from."
              },
              {
                "name": "To",
                "valueDescription": "AccountId to transfer ownership to."
              },
              {
                "name": "Quantity",
                "valueDescription": "Number of tokens to transfer."
              }
            ]
          },
          "response": {
            "controlMessageName": "TransferFromResponse",
            "description": "The response",
            "outputParameters": [
              {
                "name": "Confirmation",
                "valueDescription": "A confirmation receipt or error may be returned to the owner based on the outcome of the transfer from request."
              }
            ]
          }
        }
      ],
      "influenceBindings": [],
      "properties": []
    },
    {
      "reference": {
        "id": "dc8d5961-59e8-4a10-8b38-d9e99394d251",
        "type": "BEHAVIOR",
        "referenceNotes": "Encumberable",
        "values": {
          "controlUri": "",
          "artifactFiles": [],
          "maps": {
            "codeReferences": [],
            "implementationReferences": [],
            "resources": []
          }
        }
      },
      "isExternal": true,
      "constructorType": "",
      "appliesTo": [],
      "invocations": [
        {
          "id": "bdc69e47-8320-4f54-8a03-0f54c376e113",
          "name": "EncumberRequest",
          "description": "A Request by a party or account, perhaps a contract or another token, to encumber the token.",
          "request": {
            "controlMessageName": "EncumberRequest",
            "description": "The request",
            "inputParameters": [
              {
                "name": "Name of Encumber",
                "valueDescription": "Name of the institution requesting the encumber."
              },
              {
                "name": "Identifier",
                "valueDescription": "A public key or address for the requestor."
              },
              {
                "name": "Signature",
                "valueDescription": "A digital signature or attestation, optional."
              }
            ]
          },
          "response": {
            "controlMessageName": "EncumberResponse",
            "description": "The response",
            "outputParameters": [
              {
                "name": "Confirmation",
                "valueDescription": "A confirmation response from the token for the encumber request."
              }
            ]
          }
        },
        {
          "id": "efd8bb57-4904-481e-976d-8a20a33df602",
          "name": "AcceptEncumberRequest",
          "description": "A Request by a party or account, perhaps a contract or another token, to encumber the token.  Once accepted, the token should add a new entry into the Encumbrances property.",
          "request": {
            "controlMessageName": "AcceptEncumberRequest",
            "description": "The request",
            "inputParameters": []
          },
          "response": {
            "controlMessageName": "AcceptEncumberResponse",
            "description": "The response",
            "outputParameters": [
              {
                "name": "Confirmation",
                "valueDescription": "A confirmation response returned to the owner of their acceptance."
              }
            ]
          }
        },
        {
          "id": "4532c466-bb6d-482a-b2cc-5285ba1f8259",
          "name": "RemoveEncumberRequest",
          "description": "A Request by encumbrancer, perhaps a contract or another token, to remove their encumber or lien from the token.  Which should remove any restrictions from behaviors if there are no more encumbers.  Only the owner of the encumber can remove their encumber.",
          "request": {
            "controlMessageName": "RemoveEncumberRequest",
            "description": "The request",
            "inputParameters": []
          },
          "response": {
            "controlMessageName": "RemoveEncumberResponse",
            "description": "The response",
            "outputParameters": [
              {
                "name": "Confirmation",
                "valueDescription": "A confirmation receipt or denial be returned to the RemoveEncumber requestor."
              }
            ]
          }
        }
      ],
      "influenceBindings": [],
      "properties": [
        {
          "name": "Encumbrances",
          "valueDescription": "List of Encumbered",
          "templateValue": "",
          "propertyInvocations": [
            {
              "id": "9e39bf6a-74dc-4ca1-a709-5db247aaa31b",
              "name": "GetEncumbrancesRequest",
              "description": "The property value.",
              "request": {
                "controlMessageName": "GetEncumbrancesRequest",
                "description": "",
                "inputParameters": []
              },
              "response": {
                "controlMessageName": "GetEncumbrancesResponse",
                "description": "Return value",
                "outputParameters": [
                  {
                    "name": "Encumbrances",
                    "valueDescription": "List of Encumbered"
                  }
                ]
              }
            }
          ],
          "properties": [],
          "repeated": false
        },
        {
          "name": "Encumbered",
          "valueDescription": "True or False",
          "templateValue": "",
          "propertyInvocations": [
            {
              "id": "f35cdfee-d2f4-4a01-bf9b-33774b5df241",
              "name": "GetEncumberedRequest",
              "description": "The property value.",
              "request": {
                "controlMessageName": "GetEncumberedRequest",
                "description": "",
                "inputParameters": []
              },
              "response": {
                "controlMessageName": "GetEncumberedResponse",
                "description": "Return value",
                "outputParameters": [
                  {
                    "name": "Encumbered",
                    "valueDescription": "True or False"
                  }
                ]
              }
            }
          ],
          "properties": [],
          "repeated": false
        }
      ]
    },
    {
      "reference": {
        "id": "a3d02076-6009-4a65-9ed4-2deffe5291e1",
        "type": "BEHAVIOR",
        "referenceNotes": "Delegable",
        "values": {
          "controlUri": "",
          "artifactFiles": [],
          "maps": {
            "codeReferences": [],
            "implementationReferences": [],
            "resources": []
          }
        }
      },
      "isExternal": true,
      "constructorType": "",
      "appliesTo": [],
      "invocations": [
        {
          "id": "2e0fd8e5-2090-4c62-b094-232c32a78022",
          "name": "Allowance",
          "description": "A Request by a party or account to the owner of a token(s) to have the right to perform a delegated behavior on their behalf.",
          "request": {
            "controlMessageName": "AllowanceRequest",
            "description": "The request",
            "inputParameters": [
              {
                "name": "Quantity",
                "valueDescription": "Number of Tokens to be allowed."
              }
            ]
          },
          "response": {
            "controlMessageName": "AllowanceResponse",
            "description": "The response",
            "outputParameters": [
              {
                "name": "Confirmation",
                "valueDescription": "A confirmation receipt or denial be returned to the allowance requestor."
              }
            ]
          }
        },
        {
          "id": "6d5df99d-2f5e-4c7a-aea4-d2d54176abfd",
          "name": "Approve Allowance",
          "description": "Same control message as the AllowanceRequest.  This could allow for an AllowanceRequest to be forwarded to multiple parties needed to Approve and shield this from the requestor. When all Approvals are obtained, an AllowanceResponse could be sent.",
          "request": {
            "controlMessageName": "AllowanceRequest",
            "description": "The request",
            "inputParameters": [
              {
                "name": "Quantity",
                "valueDescription": "Number of Tokens to be allowed."
              }
            ]
          },
          "response": {
            "controlMessageName": "ApproveResponse",
            "description": "The response",
            "outputParameters": [
              {
                "name": "Confirmation",
                "valueDescription": "A confirmation response from the owner approving the an allowance request, indicating a allowance quantity the requestor has the option to invoke the Delegable behaviors on the token(s)."
              }
            ]
          }
        }
      ],
      "influenceBindings": [],
      "properties": []
    },
    {
      "reference": {
        "id":"559c9f31-dd89-4012-a726-40cde5463569",
        "type": "BEHAVIOR",
        "referenceNotes": "Offsetable",
        "values": {
          "controlUri": "",
          "artifactFiles": [],
          "maps": {
            "codeReferences": [],
            "implementationReferences": [],
            "resources": []
          }
        }
      },
      "isExternal": true,
      "constructorType": "",
      "appliesTo": [],
      "invocations": [
        {
          "id": "93259300-324c-4668-a14a-91e70d465b11",
          "name": "IsOffset",
          "description": "A request to check if the token has been offset.",
          "request": {
            "controlMessageName": "IsOffsetRequest",
            "description": "The request on offset status.",
            "inputParameters": [ 
            ]
          },
          "response": {
            "controlMessageName": "IsOffsetResponse",
            "outputParameters": [
              {
                "name": "Offset",
                "valueDescription": "The true of false boolean response indicating if the token is offset."
              }
            ],
            "description": "True or False if the token is in offset state."
          }
        },
        {
          "id": "2019574d-c8bf-44b6-afb7-cb6eaf74a308",
          "name": "Offset",
          "description": "A request to offset a token instance(s) in the class by the owner of the token instance(s), once the token is Offset, invocations of Transfer should be blocked.  Optional Quantity field in the request, if not present the percentage if the CO2/Adjustment value represented by the fractional quantity of the token instance will be offset.",
          "request": {
            "controlMessageName": "OffsetRequest",
            "description": "The request to Offset tokens.",
            "inputParameters": [
              {
                "name": "Quantity",
                "valueDescription": "The fraction of the token to offset, must be equal to or less than the fraction of owned."
              }
            ]
          },
          "response": {
            "controlMessageName": "OffsetResponse",
            "outputParameters": [
              {
                "name": "Confirmation",
                "valueDescription": "A confirmation receipt or error may be returned to the invoker based on the outcome of the offset request"
              }
            ],
            "description": "The response from the request to offset."
          }
        },
        {
          "id": "47057767-e0ee-4737-993b-698f7baab3ed",
          "name": "OffsetFrom",
          "description": "Requires Delegable. A request to offset a token instance in the class by a party or account that has allowance to do so. Once the token is Offset, invocations of Transfer should be blocked.  Requires a From and Quantity fields in the request.",
          "request": {
            "controlMessageName": "OffsetFromRequest",
            "description": "The request to Offset tokens.",
            "inputParameters": [
              {
                "name": "From",
                "valueDescription": "AccountId from which tokens are offset."
              },
              {
                "name": "Quantity",
                "valueDescription": "The fraction of the token to offset, might not apply to the implementation."
              }
            ]
          },
          "response": {
            "controlMessageName": "OffsetFromResponse",
            "description": "The response from the request to offset from.",
            "outputParameters": [
              {
                "name": "Confirmation",
                "valueDescription": "A confirmation receipt or error may be returned to the invoker based on the outcome of the offset from request"
              }
            ]
          }
        }
      ],
      "influenceBindings": [
        {
          "influencedId": "af119e58-6d84-4ca6-9656-75e8d312f038",
          "influencedInvocationId": "5d4b8f10-7857-4a2f-9b8c-d61e367a6bcc",
          "influenceType": "INTERCEPT",
          "influencingInvocation": {
            "id": "93259300-324c-4668-a14a-91e70d465b11",
            "name": "IsOffset",
            "description": "Checks if the transfer request is allowed to be executed, if true it is not.",
            "request": {
              "controlMessageName": "IsOffsetRequest",
              "description": "The request",
              "inputParameters": [
              ]
            },
            "response": {
              "controlMessageName": "IsOffsetResponse",
              "description": "The response",
              "outputParameters": [
                {
                  "name": "Offset",
                  "valueDescription": "A boolean value whereas false means the transfer is allowed and true means it is not."
                }
              ]
            }
          },
          "influencedInvocation": {
            "id": "5d4b8f10-7857-4a2f-9b8c-d61e367a6bcc",
            "name": "Transfer",
            "description": "A transfer request will invoke a transfer from the owner of the token to the party or account provided in the To field of the request. For fungible or dividable non-fungible tokens, this request may also include value in the Amount field of the request to transfer more than one token of the class in a single request.",
            "request": {
              "controlMessageName": "TransferRequest",
              "description": "The request",
              "inputParameters": [
                {
                  "name": "To",
                  "valueDescription": "AccountId to transfer ownership to."
                },
                {
                  "name": "Quantity",
                  "valueDescription": "Number of tokens to transfer."
                }
              ]
            },
            "response": {
              "controlMessageName": "TransferResponse",
              "description": "The response",
              "outputParameters": [
                {
                  "name": "Confirmation",
                  "valueDescription": "A confirmation receipt or error may be returned to the owner based on the outcome of the transfer request."
                }
              ]
            }
          }
        },
        {
          "influencedId": "803297a1-c0f9-4898-9d44-29c9d41cca97",
          "influencedInvocationId": "f063dcaa-49f9-4c49-bf0f-2766301e1033",
          "influenceType": "INTERCEPT",
          "influencingInvocation": {
            "id": "93259300-324c-4668-a14a-91e70d465b11",
            "name": "IsOffset",
            "description": "Checks if the burn request is allowed to be executed based on offset status",
            "request": {
              "controlMessageName": "IsOffsetRequest",
              "description": "The request",
              "inputParameters": []
            },
            "response": {
              "controlMessageName": "IsOffsetResponse",
              "description": "The response",
              "outputParameters": [
                {
                  "name": "Offset",
                  "valueDescription": "A boolean value whereas true and the adjustment date has expired, burning is allowed and false means it is not."
                }
              ]
            }
          },
          "influencedInvocation": {
            "id": "f063dcaa-49f9-4c49-bf0f-2766301e1033",
            "name": "Burn",
            "description": "A request to burn a token instance(s) in the class by the owner of the token instance(s).  Optional Quantity field in the request.",
            "request": {
              "controlMessageName": "BurnRequest",
              "description": "The request to Burn or Retire tokens.",
              "inputParameters": [
                {
                  "name": "Quantity",
                  "valueDescription": "The number of tokens to burn, might not apply to the implementation."
                }
              ]
            },
            "response": {
              "controlMessageName": "BurnResponse",
              "outputParameters": [
                {
                  "name": "Confirmation",
                  "valueDescription": "A confirmation receipt or error may be returned to the invoker based on the outcome of the burn request"
                }
              ],
              "description": "The response from the request to burn."
            }
          }
        }
      ],
      "properties": [
        {
          "name": "Offset",
          "valueDescription": "True or False if the token has been offset. Set to true if Offset successfully invoked",
          "templateValue": "",
          "properties":[]
        }
      ]
    }
  ],
  "behaviorGroups": [
    {
      "reference": {
        "id": "91cb89b6-a2ce-44ff-b3a0-f0cb3f117e56",
        "type": "BEHAVIOR_GROUP",
        "referenceNotes": "Supply Control",
        "values": {
          "controlUri": "",
          "artifactFiles": [],
          "maps": {
            "codeReferences": [],
            "implementationReferences": [],
            "resources": []
          }
        }
      },
      "behaviorArtifacts": [
        {
          "reference": {
            "id": "f9224e90-3cab-45bf-b5dc-0175121e2ead",
            "type": "BEHAVIOR",
            "referenceNotes": "Mintable in SupplyControl will be bound to the Roles behavior to determine if the requesting minter is allowed to invoke the behavior.",
            "values": {
              "controlUri": "",
              "artifactFiles": []
            }
          },
          "isExternal": false,
          "constructorType": "",
          "appliesTo": [],
          "invocations": [],
          "influenceBindings": [],
          "properties": []
        },
        {
          "reference": {
            "id": "803297a1-c0f9-4898-9d44-29c9d41cca97",
            "type": "BEHAVIOR",
            "referenceNotes": "Burnable is not modified from the referenced behavior.",
            "values": {
              "controlUri": "",
              "artifactFiles": []
            }
          },
          "isExternal": false,
          "constructorType": "",
          "appliesTo": [],
          "invocations": [],
          "influenceBindings": [],
          "properties": []
        },
        {
          "reference": {
            "id": "c32726da-9787-4dd8-8de3-d07d1733d0f6",
            "type": "BEHAVIOR",
            "referenceNotes": "Roles support requires that a role or group called 'Issuer' be created that allows for account to be added. These accounts will be allowed to invoke MintTo."
          },
          "isExternal": false,
          "constructorType": "",
          "appliesTo": [
            {
              "id": "f9224e90-3cab-45bf-b5dc-0175121e2ead",
              "type": "BEHAVIOR",
              "visual": "<i>m</i>",
              "tooling": "m",
              "version": "1.0",
              "templateValidated": false
            },
            {
              "id":"4908afcf-236f-4c1e-9127-b0558504c93f",
              "type": "PROPERTY_SET",
              "visual": "&phi;<i>CO2</i>",
              "tooling": "phCO2",
              "version": "1.0",
              "templateValidated": false
            }
          ],
          "invocations": [],
          "influenceBindings": [
            {
              "influencedId": "f9224e90-3cab-45bf-b5dc-0175121e2ead",
              "influencedInvocationId": "70499b23-a1dd-4c87-90d6-6e45400f28b5",
              "influenceType": "INTERCEPT",
              "influencingInvocation": {
                "id": "00a665e3-1dda-441e-8262-5750435c153c",
                "name": "RoleCheck",
                "description": "Check to see if the account is in the Role called 'Issuer'",
                "request": {
                  "controlMessageName": "IsInRole",
                  "description": "Checking the 'Issuer' role.",
                  "inputParameters": [
                    {
                      "name": "AccountId",
                      "valueDescription": "AccountId of the requestor."
                    }
                  ]
                },
                "response": {
                  "controlMessageName": "True/False",
                  "description": "Respond true if the account is in the 'Issuer' role.",
                  "outputParameters": [
                    {
                      "name": "IsInRole",
                      "valueDescription": "True/False"
                    }
                  ]
                }
              },
              "influencedInvocation": {
                "id": "70499b23-a1dd-4c87-90d6-6e45400f28b5",
                "name": "MintTo",
                "description": "A request to create new token instances in the class by the owner or a party or account in a role that is granted this permission to another party or account.  Requires a To and Quantity fields in the request.",
                "request": {
                  "controlMessageName": "MintToRequest",
                  "description": "The request",
                  "inputParameters": [
                    {
                      "name": "ToAccount",
                      "valueDescription": "Account Id to mint the tokens to."
                    },
                    {
                      "name": "Quantity",
                      "valueDescription": "Number of new tokens to create."
                    }
                  ]
                },
                "response": {
                  "controlMessageName": "MintToResponse",
                  "description": "The response",
                  "outputParameters": [
                    {
                      "name": "Confirmation",
                      "valueDescription": "A confirmation receipt or error may be returned to the invoker based on the outcome of the MintTo request."
                    }
                  ]
                }
              }
            },
            {
              "influencedId": "4908afcf-236f-4c1e-9127-b0558504c93f",
              "influencedInvocationId": "d4aab858-d5a8-4f63-981f-08106ce1bf51",
              "influenceType": "INTERCEPT",
              "influencingInvocation": {
                "id": "00a665e3-1dda-441e-8262-5750435c153c",
                "name": "RoleCheck",
                "description": "Check to see if the invoking account is in the Role called 'Issuer'",
                "request": {
                  "controlMessageName": "IsInRole",
                  "description": "Checking the 'Issuer' role.",
                  "inputParameters": [
                    {
                      "name": "AccountId",
                      "valueDescription": "AccountId of the requestor."
                    }
                  ]
                },
                "response": {
                  "controlMessageName": "True/False",
                  "description": "Respond true if the account is in the 'Issuer' role.",
                  "outputParameters": [
                    {
                      "name": "IsInRole",
                      "valueDescription": "True/False"
                    }
                  ]
                }
              },
              "influencedInvocation": {
                "id": "d4aab858-d5a8-4f63-981f-08106ce1bf51",
                "name": "SetIssuedAmount",
                "description": "Only the issuer can set the Issued Amount and is typically done during construction not after creation. A role check for issuer is required for invocation.",
                "request": {
                  "controlMessageName": "SetIssuedAmountRequest",
                  "inputParameters": [
                    {
                      "name": "IssuedAmount",
                      "valueDescription": "Set the Issued Amount value."
                    }
                  ],
                  "description": "The request"
                },
                "response": {
                  "controlMessageName": "SetIssuedAmountResponse",
                  "outputParameters": [
                    {
                      "name": "Confirmation",
                      "valueDescription": "Returning the value of the set request."
                    }
                  ],
                  "description": "The response"
                },
                "notForRepetition": true,
                "forRepetitionOnly": false
              }
            },
            {
              "influencedId": "4908afcf-236f-4c1e-9127-b0558504c93f",
              "influencedInvocationId": "709354a1-202a-4543-a0da-b56af42f190f",
              "influenceType": "INTERCEPT",
              "influencingInvocation": {
                "id": "00a665e3-1dda-441e-8262-5750435c153c",
                "name": "RoleCheck",
                "description": "Check to see if the invoking account is in the Role called 'Issuer'",
                "request": {
                  "controlMessageName": "IsInRole",
                  "description": "Checking the 'Issuer' role.",
                  "inputParameters": [
                    {
                      "name": "AccountId",
                      "valueDescription": "AccountId of the requestor."
                    }
                  ]
                },
                "response": {
                  "controlMessageName": "True/False",
                  "description": "Respond true if the account is in the 'Issuer' role.",
                  "outputParameters": [
                    {
                      "name": "IsInRole",
                      "valueDescription": "True/False"
                    }
                  ]
                }
              },
              "influencedInvocation": {
                "id": "709354a1-202a-4543-a0da-b56af42f190f",
                "name": "SetAdjustableUntil",
                "description": "Only the issuer can set the AdjustableUntil date and is typically done during construction not after creation. A role check for issuer is required for invocation.",
                "request": {
                  "controlMessageName": "SetAdjustableUntilRequest",
                  "inputParameters": [
                    {
                      "name": "Date",
                      "valueDescription": "Set the adjustments expiration date."
                    }
                  ],
                  "description": "The request"
                },
                "response": {
                  "controlMessageName": "SetAdjustableUntilResponse",
                  "outputParameters": [
                    {
                      "name": "Confirmation",
                      "valueDescription": "Returning the date of the set request."
                    }
                  ],
                  "description": "The response"
                }
              }
            },
            {
              "influencedId": "4908afcf-236f-4c1e-9127-b0558504c93f",
              "influencedInvocationId": "5df4b63e-7aaf-46e3-a21d-2d22baf4a204",
              "influenceType": "INTERCEPT",
              "influencingInvocation": {
                "id": "00a665e3-1dda-441e-8262-5750435c153c",
                "name": "RoleCheck",
                "description": "Check to see if the invoking account is in the Role called 'Issuer'",
                "request": {
                  "controlMessageName": "IsInRole",
                  "description": "Checking the 'Issuer' role.",
                  "inputParameters": [
                    {
                      "name": "AccountId",
                      "valueDescription": "AccountId of the requestor."
                    }
                  ]
                },
                "response": {
                  "controlMessageName": "True/False",
                  "description": "Respond true if the account is in the 'Issuer' role.",
                  "outputParameters": [
                    {
                      "name": "IsInRole",
                      "valueDescription": "True/False"
                    }
                  ]
                }
              },
              "influencedInvocation": {
                "id": "5df4b63e-7aaf-46e3-a21d-2d22baf4a204",
                "name": "AddAdjustment",
                "description": "Only the issuer can add an adjustment up to the expiration date. A role check for issuer is required for invocation.",
                "request": {
                  "controlMessageName": "AddAdjustmentRequest",
                  "inputParameters": [
                    {
                      "name": "Date",
                      "valueDescription": "Date of the adjustment."
                    },
                    {
                      "name": "AdjustedValue",
                      "valueDescription": "Set the adjusted value."
                    }
                  ],
                  "description": "The request"
                },
                "response": {
                  "controlMessageName": "AddAdjustmentResponse",
                  "outputParameters": [
                    {
                      "name": "Confirmation",
                      "valueDescription": "Returning the confirmation of the add request."
                    }
                  ],
                  "description": "The response"
                },
                "notForRepetition": false,
                "forRepetitionOnly": true
              }
            },
            {
              "influencedId": "4908afcf-236f-4c1e-9127-b0558504c93f",
              "influencedInvocationId": "2397be50-6203-4d75-ab74-7c90c7965a6e",
              "influenceType": "INTERCEPT",
              "influencingInvocation": {
                "id": "00a665e3-1dda-441e-8262-5750435c153c",
                "name": "RoleCheck",
                "description": "Check to see if the invoking account is in the Role called 'Issuer'",
                "request": {
                  "controlMessageName": "IsInRole",
                  "description": "Checking the 'Issuer' role.",
                  "inputParameters": [
                    {
                      "name": "AccountId",
                      "valueDescription": "AccountId of the requestor."
                    }
                  ]
                },
                "response": {
                  "controlMessageName": "True/False",
                  "description": "Respond true if the account is in the 'Issuer' role.",
                  "outputParameters": [
                    {
                      "name": "IsInRole",
                      "valueDescription": "True/False"
                    }
                  ]
                }
              },
              "influencedInvocation": {
                "id": "2397be50-6203-4d75-ab74-7c90c7965a6e",
                "name": "RemoveAdjustment",
                "description": "Only the issuer can set the remove an adjustment. A role check for issuer is required for invocation.",
                "request": {
                  "controlMessageName": "RemoveAdjustmentRequest",
                  "inputParameters": [
                    {
                      "name": "Date",
                      "valueDescription": "Set the adjustments expiration date."
                    },
                    {
                      "name": "AdjustedValue",
                      "valueDescription": "Set the adjusted value."
                    }
                  ],
                  "description": "The request"
                },
                "response": {
                  "controlMessageName": "RemoveAdjustmentResponse",
                  "outputParameters": [
                    {
                      "name": "Confirmation",
                      "valueDescription": "Returning the confirmation of removal request."
                    }
                  ],
                  "description": "The response"
                },
                "notForRepetition": false,
                "forRepetitionOnly": true
              }
            }
          ],
          "properties": [
            {
              "name": "Role",
              "valueDescription": "A group or list an account can be a member or be in.",
              "templateValue": "Issuer",
              "propertyInvocations": [
                {
                  "id": "967621dd-46fe-4bcc-ba85-74ae9bfe3a7c",
                  "name": "GetIssuer",
                  "description": "Request the the list of member accounts in the 'Issuer' role.",
                  "request": {
                    "controlMessageName": "GetIssuerRequest",
                    "description": "The request",
                    "inputParameters": []
                  },
                  "response": {
                    "controlMessageName": "GetIssuerResponse",
                    "description": "The response",
                    "outputParameters": [
                      {
                        "name": "Members",
                        "valueDescription": "Returning the list of accounts in the 'Issuer' role."
                      }
                    ]
                  }
                },
                {
                  "id": "600357f8-0499-47f8-87a5-eedf4ad034af",
                  "name": "AddRoleMember",
                  "description": "Add a member to the group or role property.",
                  "request": {
                    "controlMessageName": "AddRoleMemberRequest",
                    "description": "The request",
                    "inputParameters": [
                      {
                        "name": "RoleName",
                        "valueDescription": "Value is always set to 'Issuer'"
                      },
                      {
                        "name": "AccountAddress",
                        "valueDescription": "Address, name or identifier of the account to be added to the 'Issuer' role."
                      }
                    ]
                  },
                  "response": {
                    "controlMessageName": "AddRoleMemberResponse",
                    "description": "The response",
                    "outputParameters": [
                      {
                        "name": "Added",
                        "valueDescription": "True or False."
                      }
                    ]
                  }
                },
                {
                  "id": "97e160bb-6c60-4f1d-923b-813b07b89638",
                  "name": "RemoveRoleMember",
                  "description": "Remove a member to the group or role property.",
                  "request": {
                    "controlMessageName": "RemoveRoleMemberRequest",
                    "description": "The request",
                    "inputParameters": [
                      {
                        "name": "RoleName",
                        "valueDescription": "Always set to 'Issuer'"
                      },
                      {
                        "name": "AccountAddress",
                        "valueDescription": "Address, name or identifier of the account to be removed from the role."
                      }
                    ]
                  },
                  "response": {
                    "controlMessageName": "RemoveRoleMemberResponse",
                    "description": "The response",
                    "outputParameters": [
                      {
                        "name": "Added",
                        "valueDescription": "True or False."
                      }
                    ]
                  }
                },
                {
                  "id": "e42b1b16-074a-4d7d-b9f9-f69a2397a21b",
                  "name": "IsInRole",
                  "description": "Check to see if an account is in the role.",
                  "request": {
                    "controlMessageName": "IsInRoleRequest",
                    "description": "The request may be internal only and not exposed externally.",
                    "inputParameters": [
                      {
                        "name": "RoleName",
                        "valueDescription": "Always be bound to 'Issuer'"
                      },
                      {
                        "name": "AccountAddress",
                        "valueDescription": "Address, name or identifier of the account to be checked."
                      }
                    ]
                  },
                  "response": {
                    "controlMessageName": "IsInRoleRequestResponse",
                    "description": "The response",
                    "outputParameters": [
                      {
                        "name": "InRole",
                        "valueDescription": "True or False."
                      }
                    ]
                  }
                }
              ],
              "properties": [],
              "repeated": false
            }
          ]
        }
      ]
    }
  ],
  "propertySets": [
    {
      "reference": {
        "id": "4908afcf-236f-4c1e-9127-b0558504c93f",
        "type": "PROPERTY_SET",
        "referenceNotes": "mtCO2e",
        "values": {
          "controlUri": "",
          "artifactFiles": [],
          "maps": {
            "codeReferences": [],
            "implementationReferences": [],
            "resources": []
          }
        }
      },
      "representationType": "COMMON",
      "properties": [
        {
          "name": "IssuedAmount",
          "valueDescription": "Contains the CO2e issued amount in metric tonnes.",
          "templateValue": "",
          "propertyInvocations": [
            {
              "id": "d9ecb7cd-c33c-4027-84f9-b410b569d9f1",
              "name": "GetIssuedAmount",
              "description": "Request the Issued Amount.",
              "request": {
                "controlMessageName": "GetIssuedAmountRequest",
                "inputParameters": [],
                "description": "The request"
              },
              "response": {
                "controlMessageName": "GetIssuedAmountResponse",
                "outputParameters": [
                  {
                    "name": "IssuedAmount",
                    "valueDescription": "Returning the Issued Amount value."
                  }
                ],
                "description": "The response"
              },
              "notForRepetition": false,
              "forRepetitionOnly": false
            }            
          ],
          "influenceBindings": [],
          "properties": [
            {
              "name": "IssuedAmount",
              "valueDescription": "Contains the value of the Issued Amount.",
              "templateValue": "",
              "properties":[]
            }
          ]
        },
        {
          "name": "AdjustableUntil",
          "valueDescription": "Contains the expiration date for adjustments.",
          "templateValue": "",
          "propertyInvocations": [
            {
              "id": "716bca7a-e066-4d83-8c70-584d593f9eec",
              "name": "GetAdjustableUntil",
              "description": "Request the Adjustable Until date.",
              "request": {
                "controlMessageName": "GetAdjustableUntilRequest",
                "inputParameters": [],
                "description": "The request"
              },
              "response": {
                "controlMessageName": "GetAdjustableUntilResponse",
                "outputParameters": [
                  {
                    "name": "AdjustableUntil",
                    "valueDescription": "Returning the adjustment expiration date."
                  }
                ],
                "description": "The response"
              }
            }            
          ],
          "influenceBindings": [
            {
              "influencedId": "803297a1-c0f9-4898-9d44-29c9d41cca97",
              "influencedInvocationId": "f063dcaa-49f9-4c49-bf0f-2766301e1033",
              "influenceType": "INTERCEPT",
              "influencingInvocation": {
                "id": "716bca7a-e066-4d83-8c70-584d593f9eec",
                "name": "GetAdjustableUntil",
                "description": "Request the Adjustable Until date.",
                "request": {
                  "controlMessageName": "GetAdjustableUntilRequest",
                  "inputParameters": [],
                  "description": "The request"
                },
                "response": {
                  "controlMessageName": "GetAdjustableUntilResponse",
                  "outputParameters": [
                    {
                      "name": "AdjustableUntil",
                      "valueDescription": "Returning the adjustment expiration date."
                    }
                  ],
                  "description": "The response"
                }
              },
              "influencedInvocation": {
                "id": "f063dcaa-49f9-4c49-bf0f-2766301e1033",
                "name": "Burn",
                "description": "A request to burn a token instance(s) in the class by the owner of the token instance(s).  Optional Quantity field in the request.",
                "request": {
                  "controlMessageName": "BurnRequest",
                  "description": "The request to Burn or Retire tokens.",
                  "inputParameters": [
                    {
                      "name": "Quantity",
                      "valueDescription": "The number of tokens to burn, might not apply to the implementation."
                    }
                  ]
                },
                "response": {
                  "controlMessageName": "BurnResponse",
                  "outputParameters": [
                    {
                      "name": "Confirmation",
                      "valueDescription": "A confirmation receipt or error may be returned to the invoker based on the outcome of the burn request"
                    }
                  ],
                  "description": "The response from the request to burn."
                }
              }
            }
          ],
          "properties": [
            {
              "name": "AdjustableUntil",
              "valueDescription": "Contains the date of expiration for accepting adjustments from the issuer.",
              "templateValue": "",
              "properties":[]
            }
          ]
        },
        {
          "name": "Adjustments",
          "valueDescription": "Contains a collection or list of adjustments.",
          "templateValue": "",
          "propertyInvocations": [
            {
              "id": "025539f6-ecd9-4a0c-8199-05298190a4f4",
              "name": "GetAdjustments",
              "description": "Request the collection or list of adjustments.",
              "request": {
                "controlMessageName": "GetAdjustmentsRequest",
                "inputParameters": [],
                "description": "The request"
              },
              "response": {
                "controlMessageName": "GetAdjustmentsResponse",
                "outputParameters": [
                  {
                    "name": "Adjustments",
                    "valueDescription": "Returning the collection or list of adjustments."
                  }
                ],
                "description": "The response"
              },
              "notForRepetition": false,
              "forRepetitionOnly": false
            }
          ],
          "influenceBindings": [],
          "properties": [
            {
              "name": "Adjustments",
              "valueDescription": "Contains the collection or list of adjustments.",
              "templateValue": "",
              "properties":[
                {
                  "name": "Adjustment",
                  "valueDescription": "Contains the adjustment from the issuer.",
                  "templateValue": "",
                  "properties":[
                    {
                      "name": "AdjustmentDate",
                      "valueDescription": "Contains the date of adjustment from the issuer.",
                      "templateValue": "",
                      "properties":[]
                    },
                    {
                      "name": "AdjustedAmount",
                      "valueDescription": "Contains the adjusted amount set by the issuer.",
                      "templateValue": "",
                      "properties":[]
                    }
                  ]
                }
              ],
              "repeated": true
            }
          ],
          "repeated": false
        }
      ],
      "propertySets": [],
      "repeated": false
    },
    {
      "reference": {
        "id": "badd11b1-3fe6-4b82-899f-813f744685ad",
        "type": "PROPERTY_SET",
        "referenceNotes": "Ecological Asset",
        "values": {
          "controlUri": "",
          "artifactFiles": [],
          "maps": {
            "codeReferences": [],
            "implementationReferences": [],
            "resources": []
          }
        }
      },
      "representationType": "COMMON",
      "properties": [
        {
          "name": "EcologicalAsset",
          "valueDescription": "Contains the values for the claim.",
          "templateValue": "",
          "propertyInvocations": [
            {
              "id": "24eea114-99e4-4bd8-95b8-d05d0edbe4e9",
              "name": "GetEcologicalAsset",
              "description": "Request the Ecological Project Info.",
              "request": {
                "controlMessageName": "GetEcologicalAssetRequest",
                "description": "The request",
                "inputParameters": []
              },
              "response": {
                "controlMessageName": "GetEcologicalAssetResponse",
                "description": "The response",
                "outputParameters": [
                  {
                    "name": "EcologicalAsset",
                    "valueDescription": "Returning the EcologicalAsset values - see control file ecological-claim.proto."
                  }
                ]
              },
              "notForRepetition": false,
              "forRepetitionOnly": false
            },
            {
              "id": "c188b6b2-f4a3-4f85-a54a-eb64bc37ce96",
              "name": "SetEcologicalAsset",
              "description": "Set the Ecological Claim",
              "request": {
                "controlMessageName": "SetEcologicalAssetRequest",
                "description": "The request",
                "inputParameters": [
                  {
                    "name": "EcologicalAsset",
                    "valueDescription": "Set the EcologicalProjectInfo values - see control file ecological-project-info.proto."
                  }
                ]
              },
              "response": {
                "controlMessageName": "SetEcologicalAssetResponse",
                "description": "The response",
                "outputParameters": [
                  {
                    "name": "Confirmation",
                    "valueDescription": "Returning the value of the set request."
                  }
                ]
              },
              "notForRepetition": true,
              "forRepetitionOnly": false
            }
          ],
          "influenceBindings": [],
          "properties": [
            {
              "name": "EcologicalAsset",
              "valueDescription": "Contains the values for the EcologicalAsset.",
              "templateValue": "",
              "propertyInvocations": [],
              "properties": [
                {
                  "name": "AssetId",
                  "valueDescription": "typically the issuing verifiers master id or serial number that resides on their registry system. Could be empty or the same as the token's id if not needed.",
                  "templateValue": "",
                  "propertyInvocations": [],
                  "properties": [],
                  "repeated": false
                },
                {
                  "name": "Vintage",
                  "valueDescription": "Refers to the year that the emissions reduction or ecological benefit took place. Usually in a YYYY format.",
                  "templateValue": "",
                  "propertyInvocations": [],
                  "properties": [],
                  "repeated": false
                },
                {
                  "name": "IssuanceDate",
                  "valueDescription": "Refers to the date of issuance usually in the DD/MM/YYYY or MM/DD/YYYY.",
                  "templateValue": "",
                  "propertyInvocations": [],
                  "properties": [],
                  "repeated": false
                },
                {
                  "name": "GenerationType",
                  "valueDescription": "An ecological product can be a generated value based on verified historical results or ex-ante, meaning a predicted result. See the enum type in ecological-asset.proto for example.",
                  "templateValue": "",
                  "propertyInvocations": [],
                  "properties": [],
                  "repeated": false
                },
                {
                  "name": "VerificationStandard",
                  "valueDescription": "The verification standard used to determine and issue a ecological benefit token. These can be a voluntary or compliance/regulatory standard. See the ecological-asset.proto enum for an example.",
                  "templateValue": "",
                  "propertyInvocations": [],
                  "properties": [],
                  "repeated": false
                },
                {
                  "name": "ReferenceToBenefitProjectClaim",
                  "valueDescription": "A compound reference to the full id path for the benefit claim data: projectId/modularBenefitProjectId/claimId.",
                  "templateValue": "",
                  "propertyInvocations": [],
                  "properties": [],
                  "repeated": false
                },
                {
                  "name": "ReferenceToVerificationContractProcessedClaim",
                  "valueDescription": "A reference to the full id path for the verification contract/ProcessedClaims/ProcessedClaimId.",
                  "templateValue": "",
                  "propertyInvocations": [],
                  "properties": [],
                  "repeated": false
                }
              ],
              "repeated": false
            }
          ],
          "repeated": false
        }
      ],
      "propertySets": [
        {
          "reference": {
            "id": "d7607f63-5e29-424f-a991-3f05c8f0daf7",
            "type": "PROPERTY_SET",
            "referenceNotes": "Date Range Property Set for this Ecological Claim.",
            "values": {
              "controlUri": "",
              "artifactFiles": []
            }
          },
          "representationType": "COMMON",
          "properties": [
            {
              "name": "DateRange",
              "valueDescription": "Contains the date range.",
              "templateValue": "",
              "propertyInvocations": [
                {
                  "id": "e3b45dcc-f767-4c9d-a081-9b0f91eb728c",
                  "name": "GetDateRange",
                  "description": "Request the value of the verified link property",
                  "request": {
                    "controlMessageName": "GetDateRangeRequest",
                    "description": "The request",
                    "inputParameters": []
                  },
                  "response": {
                    "controlMessageName": "GetDateRangeResponse",
                    "description": "The response",
                    "outputParameters": [
                      {
                        "name": "StartDate",
                        "valueDescription": "Returning the simple date value."
                      },
                      {
                        "name": "StartTimeStamp",
                        "valueDescription": "Returning the granular start timestamp."
                      },
                      {
                        "name": "EndDate",
                        "valueDescription": "Returning the simple date value."
                      },
                      {
                        "name": "EndTimeStamp",
                        "valueDescription": "Returning the granular start timestamp."
                      }
                    ]
                  },
                  "notForRepetition": false,
                  "forRepetitionOnly": false
                },
                {
                  "id": "269dfe9a-bf3e-4416-af54-4a49a0e408d0",
                  "name": "SetDateRange",
                  "description": "Set the Value of the File Property, note if Roles should be applied to the Setter.",
                  "request": {
                    "controlMessageName": "SetDateRangeRequest",
                    "description": "The request",
                    "inputParameters": [
                      {
                        "name": "StartDate",
                        "valueDescription": "Set the simple date value."
                      },
                      {
                        "name": "StartTimeStamp",
                        "valueDescription": "Set the granular start timestamp."
                      },
                      {
                        "name": "EndDate",
                        "valueDescription": "Set the simple date value."
                      },
                      {
                        "name": "EndTimeStamp",
                        "valueDescription": "Set the granular start timestamp."
                      }
                    ]
                  },
                  "response": {
                    "controlMessageName": "SetDateRangeResponse",
                    "description": "The response",
                    "outputParameters": [
                      {
                        "name": "Confirmation",
                        "valueDescription": "Returning the value of the set request."
                      }
                    ]
                  },
                  "notForRepetition": true,
                  "forRepetitionOnly": false
                }
              ],
              "influenceBindings": [],
              "properties": [],
              "repeated": false
            }
          ],
          "propertySets": [],
          "repeated": false
        },
        {
          "reference": {
            "id": "5a8c69f6-f3c5-4bc8-82d0-d3fbf90b59c7",
            "type": "PROPERTY_SET",
            "referenceNotes": "Co-benefit Property Set for this Ecological Benefit Token.",
            "values": {
              "controlUri": "",
              "artifactFiles": []
            }
          },
          "representationType": "COMMON",
          "properties": [
            {
              "name": "CoBenefits",
              "valueDescription": "Contains a list or collection of Co-benefit.",
              "templateValue": "",
              "propertyInvocations": [
                {
                  "id": "db6096c6-5fe0-47ed-90d5-6215c2a2780c",
                  "name": "GetCoBenefits",
                  "description": "Request the the list of CoBenefits.",
                  "request": {
                    "controlMessageName": "GetCoBenefits",
                    "description": "The request",
                    "inputParameters": []
                  },
                  "response": {
                    "controlMessageName": "GetCoBenefitsResponse",
                    "description": "The response",
                    "outputParameters": [
                      {
                        "name": "CoBenefits",
                        "valueDescription": "Returning the CoBenefits collection for asset."
                      }
                    ]
                  },
                  "notForRepetition": false,
                  "forRepetitionOnly": false
                },
                {
                  "id": "eefc1d94-7d09-4e1b-843d-76b51850021a",
                  "name": "AddCoBenefit",
                  "description": "Add a co-benefit to the asset.",
                  "request": {
                    "controlMessageName": "AddCoBenefitRequest",
                    "description": "The request",
                    "inputParameters": [
                      {
                        "name": "CoBenefit",
                        "valueDescription": "The CoBenefit type to add to the asset."
                      }
                    ]
                  },
                  "response": {
                    "controlMessageName": "AddCoBenefitResponse",
                    "description": "The response",
                    "outputParameters": [
                      {
                        "name": "Confirmation",
                        "valueDescription": "Returning a confirmation for the add request."
                      }
                    ]
                  },
                  "notForRepetition": false,
                  "forRepetitionOnly": true
                },
                {
                  "id": "85d15d32-2ba7-4603-978d-11cbccbba9f0",
                  "name": "RemoveCoBenefit",
                  "description": "Remove a co-benefit to the asset.",
                  "request": {
                    "controlMessageName": "RemoveCoBenefitRequest",
                    "description": "The request",
                    "inputParameters": [
                      {
                        "name": "CoBenefit",
                        "valueDescription": "The CoBenefit type to remove to the asset."
                      }
                    ]
                  },
                  "response": {
                    "controlMessageName": "RemovedCoBenefitResponse",
                    "description": "The response",
                    "outputParameters": [
                      {
                        "name": "Confirmation",
                        "valueDescription": "Returning a confirmation for the remove request."
                      }
                    ]
                  },
                  "notForRepetition": false,
                  "forRepetitionOnly": true
                }
              ],
              "influenceBindings": [],
              "properties": [],
              "repeated": false
            }
          ],
          "propertySets": [],
          "repeated": true
        }
      ],
      "repeated": false
    },
    {
      "reference": {
        "id": "a9d2b149-42bf-428e-b115-2de0f3d95b92",
        "type": "PROPERTY_SET",
        "referenceNotes": "Carbon Net-Negativity Scores",
        "values": {
          "controlUri": "",
          "artifactFiles": [],
          "maps": {
            "codeReferences": [],
            "implementationReferences": [],
            "resources": []
          }
        }
      },
      "representationType": "COMMON",
      "properties": [
        {
          "name": "NetNegativityScores",
          "valueDescription": "Contains the values for the Net Negativity Scores.",
          "templateValue": "",
          "propertyInvocations": [
            {
              "id": "183aae17-e5a0-46b5-8a56-3be23d313524",
              "name": "GetNetNegativityScores",
              "description": "Request the Net Negativity Scores.",
              "request": {
                "controlMessageName": "GetNetNegativityScoresRequest",
                "description": "The request",
                "inputParameters": []
              },
              "response": {
                "controlMessageName": "GetNetNegativityScoresResponse",
                "description": "The response",
                "outputParameters": [
                  {
                    "name": "NetNegativityScores",
                    "valueDescription": "Returning the NetNegativityScores values - see control file carbon-net-negativity.proto."
                  }
                ]
              },
              "notForRepetition": false,
              "forRepetitionOnly": false
            },
            {
              "id": "d12984f3-a640-4635-ae65-ea7e81533190",
              "name": "SetNetNegativityScores",
              "description": "Set the Net Negativity Scores",
              "request": {
                "controlMessageName": "SetNetNegativityScoresRequest",
                "description": "The request",
                "inputParameters": [
                  {
                    "name": "NetNegativityScores",
                    "valueDescription": "Set the NetNegativityScores values - see control file carbon-net-negativity.proto."
                  }
                ]
              },
              "response": {
                "controlMessageName": "SetNetNegativityScoresResponse",
                "description": "The response",
                "outputParameters": [
                  {
                    "name": "Confirmation",
                    "valueDescription": "Returning the value of the set request."
                  }
                ]
              },
              "notForRepetition": true,
              "forRepetitionOnly": false
            }
          ],
          "properties": [
            {
              "name": "NetNegativityScores",
              "valueDescription": "Contains the values for the Net Negativity Scores.",
              "templateValue": "",
              "propertyInvocations": [],
              "properties": [
                {
                  "name": "Additionality",
                  "valueDescription": " A score for the principle that a project activity is additional if the resulting emission reductions are lower than what would have happened in the absence of the activity.",
                  "templateValue": "",
                  "propertyInvocations": [],
                  "properties": [],
                  "repeated": false
                },
                {
                  "name": "Durability",
                  "valueDescription": "The term in years of how long the CO2 will be removed from the atmosphere, compared with the risk of CO2 reversion to the atmosphere before that term elapses.",
                  "templateValue": "",
                  "propertyInvocations": [],
                  "properties": [],
                  "repeated": false
                },
                {
                  "name": "Leakage",
                  "valueDescription": "A decrease in sequestration or an increase in emissions outside the boundaries of project, program activities resulting from project, and/or program implementation. Leakage may be caused by shifting of the activities of people present in the project area or by market effects whereby emission reductions are countered by emissions created by shifts in supply of and demand for the products and services affected by the project.",
                  "templateValue": "",
                  "propertyInvocations": [],
                  "properties": [],
                  "repeated": false
                },
                {
                  "name": "ClearRemovals",
                  "valueDescription": "Are either clearly 100% removals (afforestation-reforestation) or are ex-post verified as removal volumes according to a published MRV methodology.",
                  "templateValue": "",
                  "propertyInvocations": [],
                  "properties": [],
                  "repeated": false
                }
              ],
              "repeated": false
            }
          ],
          "repeated": false
        }
      ],
      "propertySets": [],
      "repeated": false
    },
    {
      "reference": {
        "id": "f0ac1971-57dc-47b3-beeb-c1b9433457a2",
        "type": "PROPERTY_SET",
        "referenceNotes": "Paris Agreement Compliance",
        "values": {
          "controlUri": "",
          "artifactFiles": [],
          "maps": {
            "codeReferences": [],
            "implementationReferences": [],
            "resources": []
          }
        }
      },
      "representationType": "COMMON",
      "properties": [
        {
          "name": "PACompliance",
          "valueDescription": "Contains the values for the properties.",
          "templateValue": "",
          "propertyInvocations": [
            {
              "id": "13025cef-e870-438d-8396-b52feaffa2c6",
              "name": "GetPACompliance",
              "description": "Request the Ecological Project Info.",
              "request": {
                "controlMessageName": "GetPAComplianceRequest",
                "description": "The request",
                "inputParameters": []
              },
              "response": {
                "controlMessageName": "GetPAComplianceResponse",
                "description": "The response",
                "outputParameters": [
                  {
                    "name": "PACompliance",
                    "valueDescription": "Returning the PACompliance values - see control file paris-agreement-compliance.proto."
                  }
                ]
              },
              "notForRepetition": false,
              "forRepetitionOnly": false
            },
            {
              "id": "144677f5-f6e8-4cba-af68-62c12f1cd606",
              "name": "SetPACompliance",
              "description": "Set the Ecological Project Info.",
              "request": {
                "controlMessageName": "SetPAComplianceRequest",
                "description": "The request",
                "inputParameters": [
                  {
                    "name": "PACompliance",
                    "valueDescription": "Set the PACompliance values - see control file paris-agreement-compliance.proto."
                  }
                ]
              },
              "response": {
                "controlMessageName": "SetPAComplianceResponse",
                "description": "The response",
                "outputParameters": [
                  {
                    "name": "Confirmation",
                    "valueDescription": "Returning the value of the set request."
                  }
                ]
              },
              "notForRepetition": true,
              "forRepetitionOnly": false
            }
          ],
          "influenceBindings":[],
          "properties": [
            {
              "name": "CA",
              "valueDescription": "Contains the value for the Corresponding Adjustment.",
              "templateValue": "",
              "propertyInvocations": [],
              "properties": [
                {
                  "name": "CorrespondingAdjustment",
                  "valueDescription": "Either - None, ParisAgreementCompliant or ParisAgreementPendingCompliance",
                  "templateValue": "",
                  "propertyInvocations": [],
                  "properties": [],
                  "repeated": false
                }
              ],
              "repeated": false
            }
          ],
          "repeated": false
        }
      ],
      "propertySets": [
        {
          "reference": {
            "id": "ce1ca787-d018-4eb2-90e7-03b8876197bf",
            "type": "PROPERTY_SET",
            "referenceNotes": "Verified Link Property Set for an optional Letter of Approval.",
            "values": {
              "controlUri": "",
              "artifactFiles": []
            }
          },
          "representationType": "COMMON",
          "properties": [
            {
              "name": "LetterOfApproval",
              "valueDescription": "Contains a Verified Link to the Letter Of Approval.",
              "templateValue": "",
              "propertyInvocations": [
                {
                  "id": "1df45470-2e7d-4ee3-9da8-eefe203e19fd",
                  "name": "GetLetterOfApproval",
                  "description": "Request the a Verified Link.",
                  "request": {
                    "controlMessageName": "GetLetterOfApprovalRequest",
                    "description": "The request",
                    "inputParameters": []
                  },
                  "response": {
                    "controlMessageName": "GetLetterOfApprovalResponse",
                    "description": "The response",
                    "outputParameters": [
                      {
                        "name": "VerifiedLink",
                        "valueDescription": "Returning the Verified Link for project."
                      }
                    ]
                  },
                  "notForRepetition": false,
                  "forRepetitionOnly": false
                },
                {
                  "id": "292e8054-642e-4233-8d8a-cefd2d6fe67d",
                  "name": "SetLetterOfApproval",
                  "description": "Set the geographic area entry for the project.",
                  "request": {
                    "controlMessageName": "SetLetterOfApprovalRequest",
                    "description": "The request",
                    "inputParameters": [
                      {
                        "name": "VerifiedLink",
                        "valueDescription": "The Verified Link type to add to the project."
                      }
                    ]
                  },
                  "response": {
                    "controlMessageName": "SetLetterOfApprovalResponse",
                    "description": "The response",
                    "outputParameters": [
                      {
                        "name": "Confirmation",
                        "valueDescription": "Returning a confirmation for the set request."
                      }
                    ]
                  },
                  "notForRepetition": true,
                  "forRepetitionOnly": false
                }
              ],
              "influenceBindings":[],
              "properties": [],
              "repeated": false
            }
          ],
          "propertySets": [],
          "repeated": false
        }
      ],
      "repeated": false
    }
  ],
  "childTokens": []
}